{"parameters/network.3.bias":{"_type":"histogram","values":[1,1,0,0,0,0,0,0,0,1,1,1,1,2,1,4,0,2,0,3,2,0,2,1,2,1,0,2,1,3,1,0,2,3,1,0,1,0,0,1,1,1,1,0,1,1,0,1,0,0,3,0,2,1,0,1,2,1,1,0,0,1,3,2],"bins":[-3.896745443344116,-3.811354875564575,-3.7259645462036133,-3.6405739784240723,-3.5551836490631104,-3.4697930812835693,-3.3844027519226074,-3.2990121841430664,-3.2136216163635254,-3.1282312870025635,-3.0428407192230225,-2.9574503898620605,-2.8720598220825195,-2.7866694927215576,-2.7012789249420166,-2.6158885955810547,-2.5304980278015137,-2.4451074600219727,-2.3597171306610107,-2.2743265628814697,-2.188936233520508,-2.103545665740967,-2.018155336380005,-1.9327647686004639,-1.8473743200302124,-1.761983871459961,-1.6765934228897095,-1.591202974319458,-1.505812406539917,-1.4204219579696655,-1.335031509399414,-1.2496410608291626,-1.1642504930496216,-1.0788600444793701,-0.9934695959091187,-0.9080790877342224,-0.822688639163971,-0.7372981905937195,-0.6519076824188232,-0.5665172338485718,-0.4811267852783203,-0.39573633670806885,-0.310345858335495,-0.22495539486408234,-0.13956493139266968,-0.05417446792125702,0.03121599555015564,0.1166064590215683,0.20199692249298096,0.2873873710632324,0.3727778494358063,0.4581683278083801,0.5435587763786316,0.6289492249488831,0.7143397331237793,0.7997301816940308,0.8851206302642822,0.9705110788345337,1.0559015274047852,1.1412919759750366,1.226682424545288,1.312072992324829,1.3974634408950806,1.482853889465332,1.5682443380355835]},"parameters/network.0.weight":{"bins":[-5.75048828125,-5.609913349151611,-5.469338893890381,-5.328763961791992,-5.188189506530762,-5.047614574432373,-4.907040119171143,-4.766465187072754,-4.625890731811523,-4.485315799713135,-4.344741344451904,-4.204166412353516,-4.063591957092285,-3.9230170249938965,-3.782442331314087,-3.6418676376342773,-3.5012929439544678,-3.360718250274658,-3.2201435565948486,-3.079568862915039,-2.9389941692352295,-2.79841947555542,-2.6578447818756104,-2.517270088195801,-2.376695156097412,-2.2361204624176025,-2.095545768737793,-1.954971194267273,-1.8143963813781738,-1.6738216876983643,-1.5332469940185547,-1.3926723003387451,-1.2520978450775146,-1.111523151397705,-0.9709484577178955,-0.8303737044334412,-0.6897990107536316,-0.549224317073822,-0.40864959359169006,-0.2680748701095581,-0.12750017642974854,0.013074532151222229,0.153649240732193,0.29422396421432495,0.4347986578941345,0.5753733515739441,0.7159481048583984,0.856522798538208,0.9970974922180176,1.1376721858978271,1.2782468795776367,1.4188215732574463,1.5593962669372559,1.699971079826355,1.8405457735061646,1.9811204671859741,2.121695041656494,2.262269973754883,2.4028446674346924,2.543419361114502,2.6839940547943115,2.824568748474121,2.9651434421539307,3.1057181358337402,3.24629282951355],"_type":"histogram","values":[1,0,1,0,2,4,3,3,11,8,5,15,6,8,16,18,21,27,36,33,62,52,60,74,82,126,145,184,222,281,345,435,539,712,872,1138,1425,2009,2715,4436,18227,31861,13057,9829,5366,2028,1419,807,573,372,270,154,102,60,38,27,11,8,6,0,1,3,0,1]},"Validation Accuracy":94.8,"gradients/network.3.weight":{"bins":[-0.11216821521520615,-0.10957218706607819,-0.10697616636753082,-0.10438013821840286,-0.1017841175198555,-0.09918808937072754,-0.09659206867218018,-0.09399604052305222,-0.09140001237392426,-0.08880399167537689,-0.08620796352624893,-0.08361194282770157,-0.08101591467857361,-0.07841989398002625,-0.07582386583089828,-0.07322784513235092,-0.07063181698322296,-0.068035788834095,-0.06543976813554764,-0.06284373998641968,-0.060247719287872314,-0.057651691138744354,-0.05505566671490669,-0.05245964229106903,-0.04986361786723137,-0.04726759344339371,-0.044671569019556046,-0.042075544595718384,-0.039479516446590424,-0.03688349202275276,-0.0342874675989151,-0.03169144317507744,-0.029095418751239777,-0.026499394327402115,-0.023903369903564453,-0.021307343617081642,-0.01871131919324398,-0.01611529476940632,-0.013519269414246082,-0.010923244059085846,-0.008327219635248184,-0.005731194745749235,-0.003135169856250286,-0.000539144966751337,0.002056879922747612,0.004652904812246561,0.00724892970174551,0.009844955056905746,0.012440979480743408,0.01503700390458107,0.01763302832841873,0.020229054614901543,0.022825079038739204,0.025421103462576866,0.028017129749059677,0.03061315417289734,0.033209178596735,0.03580520302057266,0.038401227444410324,0.040997251868247986,0.043593280017375946,0.04618930444121361,0.04878532886505127,0.05138135328888893,0.05397737771272659],"_type":"histogram","values":[1,0,0,0,0,1,0,1,1,0,2,0,0,0,0,0,0,0,0,3,1,0,0,2,3,1,1,3,1,0,2,1,0,1,2,1,1,3,3,5,10,27,43,8039,7,2,2,0,1,3,3,1,0,3,2,0,2,1,1,0,2,0,1,2]},"gradients/network.6.weight":{"bins":[-0.1409839540719986,-0.13707098364830017,-0.13315801322460175,-0.12924504280090332,-0.1253320872783661,-0.12141911685466766,-0.11750614643096924,-0.11359317600727081,-0.10968020558357239,-0.10576724261045456,-0.10185427218675613,-0.09794130176305771,-0.09402833878993988,-0.09011536836624146,-0.08620239794254303,-0.0822894349694252,-0.07837646454572678,-0.07446349412202835,-0.07055053114891052,-0.0666375607252121,-0.06272459030151367,-0.058811623603105545,-0.05489865690469742,-0.05098568648099899,-0.047072719782590866,-0.04315975308418274,-0.039246782660484314,-0.03533381596207619,-0.03142084926366806,-0.027507878839969635,-0.023594912141561508,-0.019681943580508232,-0.015768982470035553,-0.011856013908982277,-0.007943046279251575,-0.004030078183859587,-0.00011711008846759796,0.003795858006924391,0.0077088261023163795,0.011621793732047081,0.015534762293100357,0.019447730854153633,0.02336069941520691,0.027273666113615036,0.031186634674668312,0.03509960323572159,0.039012569934129715,0.04292554035782814,0.04683850705623627,0.050751473754644394,0.05466444417834282,0.058577410876750946,0.06249038130044937,0.0664033442735672,0.07031631469726562,0.07422928512096405,0.07814225554466248,0.0820552185177803,0.08596818894147873,0.08988115936517715,0.09379412233829498,0.09770709276199341,0.10162006318569183,0.10553302615880966,0.10944599658250809],"_type":"histogram","values":[1,0,0,0,1,1,0,0,0,1,0,0,0,0,1,0,0,0,1,0,0,0,1,1,2,2,1,1,3,3,1,2,2,4,10,17,524,29,12,3,3,3,0,1,1,1,0,0,0,0,1,0,0,0,1,0,2,1,0,0,0,1,0,1]},"gradients/network.3.bias":{"_type":"histogram","values":[1,1,1,0,0,0,0,0,0,1,0,1,2,0,1,1,2,1,0,0,1,0,2,1,3,2,0,33,2,0,0,0,0,1,1,0,1,0,0,0,0,0,1,1,1,0,0,0,0,0,0,0,0,0,0,1,0,0,0,0,0,0,0,1],"bins":[-0.0035896494518965483,-0.003461197018623352,-0.003332744352519512,-0.003204291919246316,-0.0030758394859731197,-0.00294738681986928,-0.0028189343865960836,-0.0026904817204922438,-0.0025620292872190475,-0.0024335768539458513,-0.0023051241878420115,-0.0021766717545688152,-0.0020482190884649754,-0.0019197666551917791,-0.001791314221918583,-0.0016628616722300649,-0.0015344091225415468,-0.0014059565728530288,-0.0012775040231645107,-0.0011490515898913145,-0.0010205990402027965,-0.0008921464905142784,-0.0007636939990334213,-0.0006352415075525641,-0.0005067889578640461,-0.0003783364372793585,-0.0002498839166946709,-0.00012143139610998333,7.021124474704266e-06,0.00013547364505939186,0.00026392616564407945,0.00039237868622876704,0.0005208314396440983,0.0006492839893326163,0.0007777364808134735,0.0009061889722943306,0.0010346415219828486,0.0011630940716713667,0.001291546504944563,0.001419999054633081,0.001548451604321599,0.001676904154010117,0.001805356703698635,0.0019338091369718313,0.0020622615702450275,0.0021907142363488674,0.0023191666696220636,0.0024476193357259035,0.0025760717689990997,0.002704524202272296,0.002832976868376136,0.002961429301649332,0.003089881967753172,0.003218334401026368,0.0033467868342995644,0.0034752395004034042,0.0036036919336766005,0.0037321443669497967,0.0038605970330536366,0.003989049699157476,0.004117501899600029,0.004245954565703869,0.004374407231807709,0.004502859432250261,0.004631312098354101]},