{"_runtime":185.683061081,"Validation Precision":0.9481223953744313,"gradients/network.0.bias":{"bins":[-0.011492601595818996,-0.011209950782358646,-0.010927299037575722,-0.010644648224115372,-0.010361997410655022,-0.010079346597194672,-0.009796695783734322,-0.009514044038951397,-0.009231393225491047,-0.008948742412030697,-0.008666090667247772,-0.008383439853787422,-0.008100789040327072,-0.007818138226866722,-0.007535486947745085,-0.007252835668623447,-0.006970184855163097,-0.006687534041702747,-0.00640488276258111,-0.006122231483459473,-0.005839580669999123,-0.005556929856538773,-0.005274278577417135,-0.004991627298295498,-0.004708976484835148,-0.004426325671374798,-0.0041436743922531605,-0.003861023345962167,-0.003578372299671173,-0.0032957212533801794,-0.0030130702070891857,-0.002730419160798192,-0.0024477671831846237,-0.00216511613689363,-0.0018824650906026363,-0.0015998140443116426,-0.001317162998020649,-0.0010345119517296553,-0.0007518609054386616,-0.0004692098591476679,-0.0001865588128566742,9.60922334343195e-05,0.0003787432797253132,0.0006613943260163069,0.0009440453723073006,0.0012266964185982943,0.001509347464889288,0.0017919985111802816,0.0020746495574712753,0.002357300603762269,0.0026399516500532627,0.0029226026963442564,0.00320525374263525,0.0034879047889262438,0.0037705558352172375,0.004053207114338875,0.004335857927799225,0.004618508741259575,0.004901160020381212,0.00518381129950285,0.0054664621129632,0.00574911292642355,0.006031764205545187,0.006314415484666824,0.006597066298127174],"_type":"histogram","values":[1,0,0,0,0,0,0,0,0,0,0,0,0,0,0,0,0,0,0,0,0,0,0,0,0,0,0,0,0,0,1,1,0,0,0,0,0,2,1,4,107,3,0,2,0,3,1,0,0,0,0,0,0,0,1,0,0,0,0,0,0,0,0,1]},"Learning Rate":0.01,"parameters/network.6.weight":{"_type":"histogram","values":[1,0,0,0,1,0,0,2,1,0,0,1,2,0,1,2,1,2,2,3,3,2,5,4,3,4,5,6,2,10,7,12,14,16,16,17,18,31,17,22,27,21,32,30,32,35,28,25,25,17,18,13,18,14,16,10,11,8,13,7,3,2,1,1],"bins":[-0.7829464077949524,-0.7653171420097351,-0.7476879358291626,-0.7300586700439453,-0.712429404258728,-0.6948001384735107,-0.6771708726882935,-0.659541666507721,-0.6419124007225037,-0.6242831349372864,-0.6066539287567139,-0.5890246629714966,-0.5713953971862793,-0.553766131401062,-0.5361368656158447,-0.5185076594352722,-0.5008783936500549,-0.48324912786483765,-0.46561989188194275,-0.44799065589904785,-0.43036139011383057,-0.4127321243286133,-0.3951028883457184,-0.3774736523628235,-0.3598443865776062,-0.3422151207923889,-0.324585884809494,-0.3069566488265991,-0.28932738304138184,-0.27169811725616455,-0.25406888127326965,-0.23643963038921356,-0.21881040930747986,-0.20118115842342377,-0.18355190753936768,-0.16592265665531158,-0.1482934057712555,-0.1306641548871994,-0.11303490400314331,-0.09540565311908722,-0.07777640223503113,-0.06014715135097504,-0.042517900466918945,-0.024888649582862854,-0.007259398698806763,0.010369852185249329,0.02799910306930542,0.04562835395336151,0.0632576048374176,0.0808868557214737,0.09851610660552979,0.11614535748958588,0.13377460837364197,0.15140385925769806,0.16903311014175415,0.18666236102581024,0.20429161190986633,0.22192086279392242,0.23955011367797852,0.2571793794631958,0.2748086154460907,0.2924378514289856,0.3100671172142029,0.32769638299942017,0.34532561898231506]},"parameters/network.3.bias":{"bins":[-3.9074556827545166,-3.8158371448516846,-3.7242186069488525,-3.6326003074645996,-3.5409817695617676,-3.4493632316589355,-3.3577446937561035,-3.2661263942718506,-3.1745078563690186,-3.0828893184661865,-2.9912707805633545,-2.8996522426605225,-2.8080339431762695,-2.7164154052734375,-2.6247968673706055,-2.5331783294677734,-2.4415597915649414,-2.3499414920806885,-2.2583229541778564,-2.1667044162750244,-2.0750858783721924,-1.98346745967865,-1.8918490409851074,-1.8002305030822754,-1.7086119651794434,-1.6169935464859009,-1.5253750085830688,-1.4337565898895264,-1.3421380519866943,-1.2505196332931519,-1.1589010953903198,-1.0672826766967773,-0.9756640195846558,-0.8840455412864685,-0.7924270629882812,-0.700808584690094,-0.6091901063919067,-0.5175715684890747,-0.42595309019088745,-0.3343346118927002,-0.24271613359451294,-0.15109765529632568,-0.059479162096977234,0.03213932365179062,0.12375780940055847,0.21537628769874573,0.30699479579925537,0.3986132740974426,0.4902317523956299,0.5818502306938171,0.6734687089920044,0.7650871872901917,0.8567056655883789,0.9483242034912109,1.0399426221847534,1.1315611600875854,1.223179578781128,1.31479811668396,1.406416654586792,1.4980350732803345,1.5896536111831665,1.681272029876709,1.772890567779541,1.8645089864730835,1.9561275243759155],"_type":"histogram","values":[1,0,0,0,0,3,0,0,0,0,1,1,2,2,1,4,1,1,1,0,4,1,0,2,2,1,0,1,2,1,2,1,0,1,1,0,2,3,2,0,1,0,0,0,0,2,0,1,1,2,1,1,2,1,1,0,1,1,0,1,0,3,0,1]},"Predictions":{"format":"png","count":10,"filenames":["media/images/Predictions_9409_cfd2f340aac0626870b7.png","media/images/Predictions_9409_59e24ea006d84ec9fe0c.png","media/images/Predictions_9409_91cecd60468ecd0ef99a.png","media/images/Predictions_9409_3f63ea32611c21538ccc.png","media/images/Predictions_9409_2c0b823292961c345ece.png","media/images/Predictions_9409_432b79a7361f8b1623bc.png","media/images/Predictions_9409_8d11d41155c936152b5f.png","media/images/Predictions_9409_6fbc62ed6634ea6b4ff6.png","media/images/Predictions_9409_0a884f530025f1962aaa.png","media/images/Predictions_9409_cce34c1551b80481a1f9.png"],"captions":["Pred: 7, Actual: 7","Pred: 2, Actual: 2","Pred: 1, Actual: 1","Pred: 0, Actual: 0","Pred: 4, Actual: 4","Pred: 1, Actual: 1","Pred: 4, Actual: 4","Pred: 9, Actual: 9","Pred: 6, Actual: 5","Pred: 9, Actual: 9"],"_type":"images/separated","width":28,"height":28},"epoch":10,"gradients/network.3.bias":{"values":[1,0,0,1,0,0,0,1,0,1,0,0,0,0,0,0,1,0,0,1,0,1,0,0,0,0,0,2,1,0,0,3,3,34,2,0,1,1,1,1,1,1,0,0,0,0,2,0,1,1,0,0,0,0,0,1,0,0,0,0,0,0,0,1],"bins":[-0.0051200976595282555,-0.004969382658600807,-0.004818668123334646,-0.004667953122407198,-0.00451723812147975,-0.004366523586213589,-0.0042158085852861404,-0.004065093584358692,-0.003914378583431244,-0.003763664048165083,-0.0036129490472376347,-0.00346223427914083,-0.0033115195110440254,-0.003160804510116577,-0.0030100897420197725,-0.0028593747410923243,-0.0027086599729955196,-0.002557945204898715,-0.0024072302039712667,-0.002256515435874462,-0.002105800434947014,-0.0019550856668502092,-0.0018043708987534046,-0.0016536560142412782,-0.0015029411297291517,-0.0013522262452170253,-0.0012015113607048988,-0.0010507965926080942,-0.0009000817080959678,-0.0007493668235838413,-0.0005986519972793758,-0.0004479371418710798,-0.0002972218208014965,-0.00014650696539320052,4.207890015095472e-06,0.00015492274542339146,0.00030563760083168745,0.00045635245623998344,0.0006070673116482794,0.000757782137952745,0.0009084970224648714,0.0010592119069769979,0.0012099267914891243,0.001360641559585929,0.0015113564440980554,0.0016620713286101818,0.0018127860967069864,0.0019635010976344347,0.0021142158657312393,0.002264930633828044,0.002415645634755492,0.002566360402852297,0.002717075403779745,0.0028677901718765497,0.0030185049399733543,0.0031692199409008026,0.0033199347089976072,0.003470649477094412,0.00362136447802186,0.0037720792461186647,0.003922794014215469,0.004073509015142918,0.004224224016070366,0.004374938551336527,0.004525653552263975],"_type":"histogram"},"Training Loss":0.3010698582158922,"Validation Accuracy":94.77,"gradients/network.0.weight":{"_type":"histogram","values":[12,3,1,5,2,2,39,0,0,0,4,0,1,0,0,0,14,0,0,0,2,0,3,0,0,1,12,0,0,0,24,8,113,29,19,15,24,655,803,910,91090,3708,1395,175,120,169,704,55,40,3,27,4,6,2,53,22,4,6,22,5,7,7,4,23],