{"Validation Precision":0.9479013410319259,"parameters/network.6.bias":{"values":[1,0,0,0,0,0,0,0,0,0,0,0,0,0,1,0,3,0,0,0,1,0,0,0,0,1,0,0,0,0,0,1,0,0,0,0,0,0,0,0,0,0,0,0,0,0,0,1,0,0,0,0,0,0,0,0,0,0,0,0,0,0,0,1],"bins":[-0.4970448911190033,-0.47789841890335083,-0.45875197649002075,-0.4396055042743683,-0.4204590618610382,-0.40131258964538574,-0.38216614723205566,-0.3630196750164032,-0.34387320280075073,-0.32472676038742065,-0.3055802881717682,-0.2864338457584381,-0.26728737354278564,-0.24814091622829437,-0.2289944589138031,-0.20984800159931183,-0.19070154428482056,-0.17155508697032928,-0.152408629655838,-0.13326217234134674,-0.11411570757627487,-0.0949692502617836,-0.07582278549671173,-0.05667632818222046,-0.03752987086772919,-0.018383411690592766,0.0007630474865436554,0.019909506663680077,0.0390559658408165,0.05820242315530777,0.07734888792037964,0.09649534523487091,0.1156417727470398,0.13478823006153107,0.15393468737602234,0.1730811446905136,0.19222760200500488,0.21137407422065735,0.23052053153514862,0.2496669888496399,0.26881343126296997,0.28795990347862244,0.3071063756942749,0.326252818107605,0.34539929032325745,0.3645457327365875,0.38369220495224,0.40283864736557007,0.42198511958122253,0.441131591796875,0.4602780342102051,0.47942450642585754,0.4985709488391876,0.5177174210548401,0.5368638634681702,0.5560103058815002,0.5751568078994751,0.5943032503128052,0.6134496927261353,0.6325961947441101,0.6517426371574402,0.6708890795707703,0.6900355219841003,0.7091820240020752,0.7283284664154053],"_type":"histogram"},"_timestamp":1.7302500571662557e+09,"Training Loss":0.29802843038318383,"gradients/network.0.bias":{"values":[1,0,0,0,0,0,0,0,0,1,0,1,0,0,1,2,1,1,1,0,1,2,1,3,96,2,2,1,1,1,1,0,1,0,0,0,1,1,1,0,0,0,0,0,1,0,2,0,0,0,0,0,0,0,0,0,0,0,0,0,0,0,0,1],"bins":[-0.0023158376570791006,-0.002223147777840495,-0.0021304578986018896,-0.0020377677865326405,-0.001945077907294035,-0.0018523880280554295,-0.0017596980324015021,-0.0016670081531628966,-0.0015743181575089693,-0.0014816282782703638,-0.0013889383990317583,-0.001296248403377831,-0.0012035585241392255,-0.0011108685284852982,-0.0010181786492466927,-0.0009254887118004262,-0.0008327987743541598,-0.0007401088369078934,-0.000647418899461627,-0.0005547289620153606,-0.00046203905367292464,-0.0003693491162266582,-0.00027665920788422227,-0.00018396927043795586,-9.127933299168944e-05,1.410597178619355e-06,9.410052734892815e-05,0.00018679045024327934,0.00027948038768954575,0.00037217032513581216,0.0004648602334782481,0.0005575501709245145,0.0006502401083707809,0.0007429300458170474,0.0008356199832633138,0.0009283099207095802,0.0010209998581558466,0.001113689737394452,0.0012063797330483794,0.001299069612286985,0.0013917596079409122,0.0014844494871795177,0.0015771393664181232,0.0016698293620720506,0.001762519241310656,0.0018552092369645834,0.001947899116203189,0.0020405889954417944,0.0021332791075110435,0.002225968986749649,0.0023186588659882545,0.00241134874522686,0.0025040386244654655,0.0025967287365347147,0.00268941861577332,0.0027821084950119257,0.002874798374250531,0.0029674882534891367,0.003060178365558386,0.0031528682447969913,0.003245558124035597,0.0033382480032742023,0.0034309381153434515,0.003523627994582057,0.0036163178738206625],"_type":"histogram"},"gradients/network.0.weight":{"values":[65,9,9,7,4,6,22,9,33,12,9,5,8,10,5,30,24,30,36,42,55,93,210,145,701,271,1960,2556,3709,82632,4053,1418,792,256,187,193,71,52,66,127,100,65,30,19,17,13,28,14,86,10,2,6,2,2,7,12,0,1,2,1,1,3,2,7],"bins":[-0.008563783019781113,-0.00827181525528431,-0.00797984842211008,-0.0076878806576132774,-0.0073959133587777615,-0.0071039460599422455,-0.006811978295445442,-0.006520010996609926,-0.00622804369777441,-0.005936076398938894,-0.005644109100103378,-0.005352141335606575,-0.005060174036771059,-0.004768206737935543,-0.00447623897343874,-0.004184271674603224,-0.003892304375767708,-0.003600337076932192,-0.0033083695452660322,-0.0030164020135998726,-0.0027244347147643566,-0.0024324674159288406,-0.002140499884262681,-0.0018485324690118432,-0.0015565650537610054,-0.0012645976385101676,-0.0009726302232593298,-0.000680662808008492,-0.0003886953927576542,-9.672797750681639e-05,0.00019523943774402142,0.0004872068529948592,0.0007791733369231224,0.0010711407521739602,0.001363108167424798,0.0016550755826756358,0.0019470429979264736,0.0022390102967619896,0.0025309778284281492,0.002822945360094309,0.003114912658929825,0.003406879957765341,0.0036988474894315004,0.00399081502109766,0.004282782319933176,0.004574749618768692,0.004866717383265495,0.005158684682101011,0.005450651980936527,0.005742619279772043,0.006034586578607559,0.0063265543431043625,0.0066185216419398785,0.0069104889407753944,0.007202456705272198,0.007494424004107714,0.00778639130294323,0.008078359067440033,0.008370325900614262,0.008662293665111065,0.008954260498285294,0.009246228262782097,0.0095381960272789,0.009830162860453129,0.010122130624949932],"_type":"histogram"},"_step":8466,"parameters/network.6.weight":{"_type":"histogram","values":[1,0,0,0,0,0,0,0,0,0,0,1,0,1,0,0,0,0,0,1,0,0,0,0,1,0,0,1,1,2,1,0,1,0,4,3,2,5,9,9,8,14,11,16,20,28,37,44,66,47,59,52,39,40,34,23,25,16,11,4,0,2,0,1],"bins":[-1.6148298978805542,-1.5830626487731934,-1.551295280456543,-1.5195280313491821,-1.4877606630325317,-1.455993413925171,-1.4242260456085205,-1.3924587965011597,-1.3606914281845093,-1.3289241790771484,-1.297156810760498,-1.2653895616531372,-1.2336221933364868,-1.201854944229126,-1.1700875759124756,-1.1383203268051147,-1.106553077697754,-1.0747857093811035,-1.0430184602737427,-1.0112510919570923,-0.9794837832450867,-0.947716474533081,-0.9159491658210754,-0.8841818571090698,-0.852414608001709,-0.8206472992897034,-0.7888799905776978,-0.7571126818656921,-0.7253453731536865,-0.6935780644416809,-0.6618107557296753,-0.6300434470176697,-0.5982761383056641,-0.5665088295936584,-0.5347415208816528,-0.5029742121696472,-0.4712069034576416,-0.4394396245479584,-0.40767231583595276,-0.37590500712394714,-0.34413769841194153,-0.3123703896999359,-0.2806030809879303,-0.24883578717708588,-0.21706847846508026,-0.18530116975307465,-0.15353387594223022,-0.12176656723022461,-0.089999258518219,-0.05823195353150368,-0.02646464854478836,0.005302656441926956,0.03706996142864227,0.06883727014064789,0.1006045714020729,0.13237187266349792,0.16413918137550354,0.19590649008750916,0.22767379879951477,0.2594411075115204,0.2912083864212036,0.32297569513320923,0.35474300384521484,0.38651031255722046,0.4182776212692261]},"Validation Recall":0.9466,"Validation Accuracy":94.66,"epoch":9,"parameters/network.3.bias":{"_type":"histogram","values":[2,0,0,0,0,0,1,2,1,0,0,3,0,4,2,3,0,3,3,1,1,1,2,1,2,1,2,0,1,3,0,1,0,2,2,1,1,0,2,1,1,1,0,0,0,0,3,0,0,1,2,0,1,0,1,1,2,0,0,1,0,0,0,1],"bins":[-3.6668264865875244,-3.57560396194458,-3.484381675720215,-3.3931591510772705,-3.301936626434326,-3.210714340209961,-3.1194918155670166,-3.0282695293426514,-2.937047004699707,-2.8458244800567627,-2.7546021938323975,-2.663379669189453,-2.572157382965088,-2.4809348583221436,-2.389712333679199,-2.298490047454834,-2.2072675228118896,-2.1160449981689453,-2.02482271194458,-1.9336001873016357,-1.842377781867981,-1.7511553764343262,-1.6599328517913818,-1.568710446357727,-1.4774880409240723,-1.3862656354904175,-1.2950432300567627,-1.2038207054138184,-1.1125982999801636,-1.0213758945465088,-0.9301534295082092,-0.8389309644699097,-0.747708797454834,-0.6564863920211792,-0.5652639269828796,-0.47404149174690247,-0.3828190565109253,-0.2915966212749481,-0.20037418603897095,-0.10915175080299377,-0.0179293155670166,0.07329311966896057,0.16451555490493774,0.2557379901409149,0.3469604253768921,0.43818286061286926,0.5294052958488464,0.620627760887146,0.7118501663208008,0.8030725717544556,0.8942950367927551,0.9855175018310547,1.0767399072647095,1.1679623126983643,1.2591848373413086,1.3504072427749634,1.4416296482086182,1.532852053642273,1.6240744590759277,1.715296983718872,1.8065193891525269,1.8977417945861816,1.988964319229126,2.080186605453491,2.1714091300964355]},"Learning Rate":0.01,