{"_timestamp":1.7302383662393432e+09,"parameters/network.3.weight":{"bins":[-2.052403688430786,-2.0074663162231445,-1.962528944015503,-1.9175915718078613,-1.8726541996002197,-1.8277168273925781,-1.7827794551849365,-1.737842082977295,-1.6929047107696533,-1.6479672193527222,-1.6030298471450806,-1.558092474937439,-1.5131551027297974,-1.4682177305221558,-1.4232803583145142,-1.3783429861068726,-1.333405613899231,-1.2884682416915894,-1.2435308694839478,-1.1985934972763062,-1.1536561250686646,-1.108718752861023,-1.0637813806533813,-1.0188440084457397,-0.9739065766334534,-0.9289692044258118,-0.8840318322181702,-0.8390944600105286,-0.7941570281982422,-0.7492196559906006,-0.704282283782959,-0.6593449115753174,-0.6144075989723206,-0.569470226764679,-0.5245328545570374,-0.47959545254707336,-0.43465808033943176,-0.38972070813179016,-0.34478330612182617,-0.29984593391418457,-0.25490856170654297,-0.20997118949890137,-0.16503380239009857,-0.12009642273187637,-0.07515904307365417,-0.030221663415431976,0.014715716242790222,0.05965309590101242,0.10459047555923462,0.14952784776687622,0.19446523487567902,0.2394026219844818,0.2843399941921234,0.329277366399765,0.374214768409729,0.4191521406173706,0.4640895128250122,0.5090268850326538,0.5539642572402954,0.598901629447937,0.6438390016555786,0.688776433467865,0.7337138056755066,0.7786511778831482,0.8235885500907898],"_type":"histogram","values":[2,0,1,1,0,0,1,1,3,4,2,2,2,9,10,12,7,10,20,12,21,21,25,32,45,50,67,59,67,90,87,118,111,122,147,127,193,205,233,241,251,286,528,719,776,1071,758,569,461,166,124,96,61,57,31,26,21,6,11,4,4,2,2,2]},"parameters/network.6.weight":{"bins":[-1.0754404067993164,-1.052870512008667,-1.030300498008728,-1.0077306032180786,-0.9851607084274292,-0.962590754032135,-0.9400208592414856,-0.9174509048461914,-0.894881010055542,-0.8723110556602478,-0.8497411012649536,-0.8271712064743042,-0.80460125207901,-0.7820313572883606,-0.7594614028930664,-0.736891508102417,-0.7143215537071228,-0.6917515993118286,-0.6691817045211792,-0.646611750125885,-0.6240418553352356,-0.6014719009399414,-0.578902006149292,-0.5563320517539978,-0.5337620973587036,-0.5111922025680542,-0.4886222779750824,-0.4660523533821106,-0.4434823989868164,-0.4209124743938446,-0.3983425498008728,-0.375772625207901,-0.353202760219574,-0.3306328356266022,-0.30806291103363037,-0.28549298644065857,-0.26292306184768677,-0.24035312235355377,-0.21778318285942078,-0.19521325826644897,-0.17264333367347717,-0.15007340908050537,-0.12750348448753357,-0.10493354499340057,-0.08236362040042877,-0.05979369208216667,-0.03722376376390457,-0.014653835445642471,0.007916092872619629,0.03048602119088173,0.05305594950914383,0.07562588155269623,0.09819580614566803,0.12076573073863983,0.14333567023277283,0.16590559482574463,0.18847551941871643,0.21104544401168823,0.23361536860466003,0.25618529319763184,0.278755247592926,0.3013251721858978,0.32389509677886963,0.34646502137184143,0.36903494596481323],"_type":"histogram","values":[1,0,0,0,0,0,0,0,0,0,0,0,0,0,0,1,1,0,0,1,0,1,0,1,1,1,3,2,5,4,2,3,5,6,10,8,14,6,15,22,19,31,31,39,30,44,40,42,36,37,22,21,36,19,11,23,13,10,5,6,8,1,2,1]},"epoch":10,"Gradient Norm":2.109596532769501,"gradients/network.3.weight":{"values":[1,0,0,0,0,0,0,0,0,1,1,1,0,0,0,4,0,2,3,5,13,8127,6,2,3,2,3,2,0,2,0,2,1,2,2,0,0,1,0,0,2,1,0,0,0,0,1,0,0,0,0,1,0,0,0,0,0,0,0,0,0,0,0,1],"bins":[-0.1527242213487625,-0.14574432373046875,-0.1387644112110138,-0.13178451359272003,-0.12480460852384567,-0.11782470345497131,-0.11084480583667755,-0.10386490076780319,-0.09688499569892883,-0.08990509063005447,-0.08292518556118011,-0.07594528794288635,-0.068965382874012,-0.061985477805137634,-0.055005576461553574,-0.04802567511796951,-0.041045770049095154,-0.034065864980220795,-0.027085963636636734,-0.020106060430407524,-0.013126157224178314,-0.006146254017949104,0.0008336491882801056,0.007813552394509315,0.014793455600738525,0.021773358806967735,0.028753262013196945,0.035733163356781006,0.042713068425655365,0.049692973494529724,0.056672874838113785,0.06365277618169785,0.0706326961517334,0.07761260122060776,0.08459250628948212,0.09157240390777588,0.09855230897665024,0.1055322140455246,0.11251211166381836,0.11949201673269272,0.12647192180156708,0.13345181941986084,0.1404317319393158,0.14741162955760956,0.15439152717590332,0.16137143969535828,0.16835133731365204,0.175331249833107,0.18231114745140076,0.18929104506969452,0.19627095758914948,0.20325085520744324,0.2102307677268982,0.21721066534519196,0.22419056296348572,0.23117047548294067,0.23815037310123444,0.2451302707195282,0.25211018323898315,0.2590900957584381,0.2660699784755707,0.27304989099502563,0.2800298035144806,0.28700968623161316,0.2939895987510681],"_type":"histogram"},"_step":9409,"parameters/network.6.bias":{"bins":[-0.40338701009750366,-0.39186903834342957,-0.3803510367870331,-0.368833065032959,-0.3573150634765625,-0.3457970917224884,-0.3342790901660919,-0.3227611184120178,-0.31124311685562134,-0.29972514510154724,-0.28820714354515076,-0.27668917179107666,-0.2651711702346802,-0.2536531984806061,-0.2421352118253708,-0.2306172251701355,-0.2190992385149002,-0.20758125185966492,-0.19606326520442963,-0.18454527854919434,-0.17302729189395905,-0.16150930523872375,-0.14999131858348846,-0.13847333192825317,-0.12695536017417908,-0.11543736606836319,-0.1039193794131279,-0.09240139275789261,-0.08088341355323792,-0.06936542689800262,-0.057847440242767334,-0.04632945358753204,-0.03481146693229675,-0.023293480277061462,-0.011775495484471321,-0.0002575097605586052,0.01126047596335411,0.0227784626185894,0.03429644554853439,0.045814432203769684,0.057332418859004974,0.06885040551424026,0.08036839216947556,0.09188637882471085,0.10340435802936554,0.11492234468460083,0.12644033133983612,0.1379583179950714,0.1494763046503067,0.160994291305542,0.17251227796077728,0.18403026461601257,0.19554825127124786,0.20706623792648315,0.21858422458171844,0.23010221123695374,0.24162018299102783,0.2531381845474243,0.2646561563014984,0.2761741578578949,0.287692129611969,0.2992101311683655,0.3107281029224396,0.32224610447883606,0.33376407623291016],"_type":"histogram","values":[1,0,1,0,0,0,0,0,0,0,0,0,0,0,0,0,0,1,0,0,0,0,1,0,0,0,0,0,0,0,1,0,1,0,0,0,0,0,0,0,0,0,0,0,1,0,0,0,0,0,0,0,0,0,0,0,0,1,0,0,0,1,0,1]},"parameters/network.0.weight":{"values":[1,0,4,1,2,5,7,9,11,10,19,17,14,16,25,32,29,40,50,52,72,91,121,141,200,272,329,468,571,721,906,1166,1591,2292,3192,6385,26021,25750,11881,10551,3146,1535,882,650,386,303,152,99,55,38,15,12,6,1,3,0,1,0,0,0,0,1,0,2],"bins":[-5.427141189575195,-5.279019355773926,-5.130897521972656,-4.982775688171387,-4.834653854370117,-4.686532020568848,-4.538410186767578,-4.390288352966309,-4.242166519165039,-4.0940446853637695,-3.945923089981079,-3.7978012561798096,-3.64967942237854,-3.5015575885772705,-3.353435754776001,-3.2053139209747314,-3.057192087173462,-2.9090702533721924,-2.760948419570923,-2.6128265857696533,-2.464704751968384,-2.3165829181671143,-2.1684610843658447,-2.020339250564575,-1.8722175359725952,-1.7240957021713257,-1.5759738683700562,-1.4278520345687866,-1.2797303199768066,-1.131608486175537,-0.9834866523742676,-0.835364818572998,-0.6872429847717285,-0.539121150970459,-0.39099934697151184,-0.2428775280714035,-0.09475570917129517,0.05336610972881317,0.2014879286289215,0.34960973262786865,0.4977315664291382,0.6458534002304077,0.7939752340316772,0.942097008228302,1.0902187824249268,1.2383406162261963,1.3864624500274658,1.5345842838287354,1.6827061176300049,1.8308279514312744,1.978949785232544,2.1270716190338135,2.275193452835083,2.4233152866363525,2.571437120437622,2.7195589542388916,2.867680549621582,3.0158023834228516,3.163924217224121,3.3120460510253906,3.46016788482666,3.6082897186279297,3.756411552429199,3.9045333862304688,4.052655220031738],"_type":"histogram"},"Validation Precision":0.9445816809355417,"gradients/network.3.bias":{"values":[1,0,0,0,0,0,0,0,1,0,0,0,0,0,1,1,1,0,2,0,1,2,4,32,0,2,3,2,1,0,1,0,0,0,0,0,1,1,2,0,1,0,0,1,0,0,0,0,0,0,0,0,1,0,1,0,0,0,0,0,0,0,0,1],