{"Validation Recall":0.9526,"Validation Accuracy":95.26,"Validation Precision":0.9532866737518867,"parameters/network.6.bias":{"_type":"histogram","values":[1,0,0,0,1,0,0,0,0,0,0,0,0,1,0,2,0,0,0,0,0,0,0,0,0,0,0,0,0,0,0,0,0,0,0,0,0,0,0,0,1,0,0,0,0,0,0,0,0,0,1,0,0,0,0,1,1,0,0,0,0,0,0,1],"bins":[-0.4191049039363861,-0.4066895544528961,-0.39427420496940613,-0.38185882568359375,-0.36944347620010376,-0.35702812671661377,-0.3446127772331238,-0.3321974277496338,-0.3197820782661438,-0.3073666989803314,-0.29495134949684143,-0.28253600001335144,-0.27012065052986145,-0.25770530104637146,-0.24528993666172028,-0.2328745722770691,-0.2204592227935791,-0.2080438733100891,-0.19562850892543793,-0.18321315944194794,-0.17079779505729675,-0.15838244557380676,-0.14596709609031677,-0.1335517317056656,-0.1211363822221756,-0.10872102528810501,-0.09630566835403442,-0.08389031887054443,-0.07147496193647385,-0.05905960500240326,-0.04664425179362297,-0.03422889858484268,-0.021813541650772095,-0.009398186579346657,0.003017168492078781,0.015432523563504219,0.027847878634929657,0.040263235569000244,0.05267858877778053,0.06509394198656082,0.07750929892063141,0.089924655854702,0.10234001278877258,0.11475536227226257,0.12717071175575256,0.13958607614040375,0.15200142562389374,0.16441679000854492,0.1768321394920349,0.1892474889755249,0.2016628533601761,0.21407820284366608,0.22649356722831726,0.23890891671180725,0.25132426619529724,0.26373961567878723,0.2761549949645996,0.2885703444480896,0.3009856939315796,0.3134010434150696,0.32581639289855957,0.33823174238204956,0.35064712166786194,0.36306247115135193,0.3754778206348419]},"Gradient Norm":1.635320944711566,"gradients/network.6.weight":{"values":[1,0,0,0,0,0,0,1,1,0,0,0,0,0,1,0,3,0,2,1,0,2,0,1,1,0,2,4,1,2,5,18,546,18,6,5,1,4,2,2,2,1,0,0,2,0,0,1,0,0,1,0,0,0,0,0,1,1,0,0,0,0,0,1],"bins":[-0.25159159302711487,-0.24383072555065155,-0.23606985807418823,-0.22830899059772491,-0.2205481231212616,-0.21278725564479828,-0.20502638816833496,-0.19726552069187164,-0.18950465321540833,-0.1817438006401062,-0.17398293316364288,-0.16622206568717957,-0.15846119821071625,-0.15070033073425293,-0.1429394632577896,-0.1351785957813263,-0.12741772830486298,-0.11965686082839966,-0.11189599335193634,-0.10413512587547302,-0.0963742583990097,-0.08861339837312698,-0.08085253089666367,-0.07309166342020035,-0.06533079594373703,-0.05756992846727371,-0.049809060990810394,-0.042048197239637375,-0.03428732976317406,-0.02652646228671074,-0.01876559667289257,-0.011004730127751827,-0.003243878483772278,0.004516988061368465,0.012277854606509209,0.020038720220327377,0.027799587696790695,0.03556045517325401,0.04332131892442703,0.05108218640089035,0.05884305387735367,0.06660392135381699,0.0743647888302803,0.08212565630674362,0.08988651633262634,0.09764738380908966,0.10540825128555298,0.1131691187620163,0.12092998623847961,0.12869085371494293,0.13645172119140625,0.14421258866786957,0.15197345614433289,0.1597343236207962,0.16749519109725952,0.17525605857372284,0.18301692605018616,0.19077777862548828,0.1985386461019516,0.20629951357841492,0.21406038105487823,0.22182124853134155,0.22958211600780487,0.2373429834842682,0.2451038509607315],"_type":"histogram"},"parameters/network.0.bias":{"values":[1,0,0,0,0,0,0,1,0,0,0,1,0,0,1,1,0,1,1,0,1,1,0,4,3,1,2,4,3,3,1,1,4,2,4,3,4,1,2,1,1,1,0,1,6,0,1,5,1,4,3,2,1,1,2,2,1,5,7,4,12,5,7,4],"bins":[-0.7054629325866699,-0.6948521733283997,-0.6842414736747742,-0.6736307144165039,-0.6630200147628784,-0.6524092555046082,-0.6417984962463379,-0.6311877965927124,-0.6205770373344421,-0.6099663376808167,-0.5993555784225464,-0.5887448191642761,-0.5781341195106506,-0.5675233602523804,-0.5569126605987549,-0.5463019013404846,-0.5356911420822144,-0.5250804424285889,-0.5144696831703186,-0.5038589835166931,-0.49324822425842285,-0.482637494802475,-0.4720267653465271,-0.4614160358905792,-0.45080530643463135,-0.4401945471763611,-0.4295838177204132,-0.41897308826446533,-0.40836235880851746,-0.3977516293525696,-0.3871408700942993,-0.37653014063835144,-0.3659193813800812,-0.3553086519241333,-0.3446979224681854,-0.33408719301223755,-0.3234764635562897,-0.3128657042980194,-0.30225497484207153,-0.29164424538612366,-0.2810335159301758,-0.2704227864742279,-0.25981202721595764,-0.24920129776000977,-0.2385905683040619,-0.227979838848114,-0.21736909449100494,-0.20675836503505707,-0.1961476355791092,-0.18553689122200012,-0.17492616176605225,-0.16431543231010437,-0.1537046879529953,-0.14309395849704742,-0.13248321413993835,-0.12187248468399048,-0.111261747777462,-0.10065101087093353,-0.09004028141498566,-0.07942954450845718,-0.06881880760192871,-0.058208074420690536,-0.04759734123945236,-0.03698660433292389,-0.026375869289040565],"_type":"histogram"},"Predictions":{"height":28,"format":"png","count":10,"filenames":["media/images/Predictions_9409_cfd2f340aac0626870b7.png","media/images/Predictions_9409_59e24ea006d84ec9fe0c.png","media/images/Predictions_9409_91cecd60468ecd0ef99a.png","media/images/Predictions_9409_3f63ea32611c21538ccc.png","media/images/Predictions_9409_2c0b823292961c345ece.png","media/images/Predictions_9409_432b79a7361f8b1623bc.png","media/images/Predictions_9409_8d11d41155c936152b5f.png","media/images/Predictions_9409_6fbc62ed6634ea6b4ff6.png","media/images/Predictions_9409_0a884f530025f1962aaa.png","media/images/Predictions_9409_cce34c1551b80481a1f9.png"],"captions":["Pred: 7, Actual: 7","Pred: 2, Actual: 2","Pred: 1, Actual: 1","Pred: 0, Actual: 0","Pred: 4, Actual: 4","Pred: 1, Actual: 1","Pred: 4, Actual: 4","Pred: 9, Actual: 9","Pred: 6, Actual: 5","Pred: 9, Actual: 9"],"_type":"images/separated","width":28},"_timestamp":1.7302373340740652e+09,"parameters/network.0.weight":{"bins":[-5.291656970977783,-5.154719829559326,-5.017782688140869,-4.880845546722412,-4.743908882141113,-4.606971740722656,-4.470034599304199,-4.333097457885742,-4.196160316467285,-4.059223175048828,-3.92228627204895,-3.785349130630493,-3.6484122276306152,-3.511475086212158,-3.374537944793701,-3.2376010417938232,-3.100663900375366,-2.963726758956909,-2.8267898559570312,-2.689852714538574,-2.552915573120117,-2.4159786701202393,-2.2790415287017822,-2.142104387283325,-2.0051674842834473,-1.8682303428649902,-1.7312932014465332,-1.5943561792373657,-1.4574191570281982,-1.3204820156097412,-1.1835449934005737,-1.0466078519821167,-0.9096705913543701,-0.7727335095405579,-0.6357964277267456,-0.4988594055175781,-0.36192232370376587,-0.2249852567911148,-0.08804818987846375,0.04888887703418732,0.18582594394683838,0.32276302576065063,0.4597000777721405,0.5966371297836304,0.7335742115974426,0.8705112934112549,1.0074483156204224,1.1443854570388794,1.2813224792480469,1.4182595014572144,1.5551966428756714,1.6921336650848389,1.829070806503296,1.9660078287124634,2.102944850921631,2.239881992340088,2.376819133758545,2.513756036758423,2.65069317817688,2.787630319595337,2.924567222595215,3.061504364013672,3.198441505432129,3.335378408432007,3.472315549850464],"_type":"histogram","values":[4,2,6,3,6,3,5,5,8,12,14,12,13,20,26,28,38,38,40,39,63,73,83,89,146,179,220,306,366,519,609,713,1001,1201,1724,2283,3295,6395,22572,26606,11137,10882,4118,2185,1052,724,523,343,221,152,108,51,32,21,21,7,6,2,0,1,0,0,0,1]},"parameters/network.3.bias":{"_type":"histogram","values":[1,0,0,0,0,0,1,0,0,1,2,1,2,1,3,1,5,0,1,1,2,2,0,2,1,2,1,2,4,0,1,1,0,0,2,0,1,0,2,0,1,2,1,0,0,1,0,0,5,1,2,1,1,0,0,0,0,1,0,2,1,1,0,1],