{"Validation Precision":0.9485997548036629,"gradients/network.6.weight":{"values":[1,0,0,0,0,0,0,0,0,0,0,0,0,0,0,0,0,0,0,0,0,0,0,0,0,1,0,0,0,1,0,0,0,1,0,1,0,1,2,3,5,18,572,20,3,3,2,1,0,1,0,0,0,1,1,0,0,0,0,0,1,0,0,1],"bins":[-0.681794285774231,-0.6657236814498901,-0.6496530771255493,-0.6335824728012085,-0.6175118684768677,-0.6014412641525269,-0.585370659828186,-0.5693000555038452,-0.5532294511795044,-0.5371589064598083,-0.5210883021354675,-0.5050176978111267,-0.4889470934867859,-0.47287648916244507,-0.45680588483810425,-0.4407352805137634,-0.4246646761894226,-0.4085940718650818,-0.39252346754074097,-0.37645286321640015,-0.3603822588920593,-0.3443116843700409,-0.3282410800457001,-0.31217047572135925,-0.29609987139701843,-0.2800292670726776,-0.2639586627483368,-0.24788807332515717,-0.23181746900081635,-0.21574686467647552,-0.1996762752532959,-0.18360567092895508,-0.16753512620925903,-0.1514645218849182,-0.1353939175605774,-0.11932332813739777,-0.10325272381305695,-0.08718211948871613,-0.0711115226149559,-0.05504092201590538,-0.03897032141685486,-0.022899720817804337,-0.006829120218753815,0.009241480380296707,0.02531208097934723,0.04138268157839775,0.05745328217744827,0.0735238790512085,0.08959448337554932,0.10566508769989014,0.12173568457365036,0.13780628144741058,0.1538768857717514,0.16994749009609222,0.18601807951927185,0.20208868384361267,0.2181592881679535,0.2342298924922943,0.25030049681663513,0.26637110114097595,0.2824416756629944,0.2985122799873352,0.314582884311676,0.33065348863601685,0.34672409296035767],"_type":"histogram"},"parameters/network.3.weight":{"values":[2,2,1,1,3,6,4,4,3,8,9,11,8,9,22,20,24,19,30,45,36,43,41,43,65,89,89,108,93,125,135,145,129,162,179,205,216,216,254,230,385,659,754,951,832,542,397,266,133,110,76,70,47,44,26,22,17,3,7,7,4,2,2,2],"bins":[-1.8396272659301758,-1.7978508472442627,-1.7560745477676392,-1.714298129081726,-1.6725218296051025,-1.6307454109191895,-1.588969111442566,-1.5471926927566528,-1.5054163932800293,-1.4636399745941162,-1.4218635559082031,-1.3800872564315796,-1.3383108377456665,-1.296534538269043,-1.2547581195831299,-1.2129818201065063,-1.1712054014205933,-1.1294289827346802,-1.0876526832580566,-1.0458762645721436,-1.00409996509552,-0.9623235464096069,-0.9205471873283386,-0.8787708282470703,-0.836994469165802,-0.7952181100845337,-0.7534417510032654,-0.7116653919219971,-0.669888973236084,-0.6281126141548157,-0.5863362550735474,-0.544559895992279,-0.5027835965156555,-0.4610072374343872,-0.4192308783531189,-0.3774544894695282,-0.3356781303882599,-0.2939017713069916,-0.2521253824234009,-0.21034902334213257,-0.16857266426086426,-0.12679630517959595,-0.08501993119716644,-0.043243564665317535,-0.001467198133468628,0.04030916839838028,0.08208553493022919,0.1238619014620781,0.165638267993927,0.2074146270751953,0.24919100105762482,0.2909673750400543,0.33274373412132263,0.37452009320259094,0.41629648208618164,0.45807284116744995,0.49984920024871826,0.5416255593299866,0.5834019184112549,0.6251782774925232,0.6669546365737915,0.7087310552597046,0.7505074143409729,0.7922837734222412,0.8340601325035095],"_type":"histogram"},"gradients/network.0.weight":{"values":[57,3,1,3,2,24,47,20,24,10,11,12,11,5,10,11,11,10,10,44,22,27,70,40,728,153,1322,1011,1824,86414,4882,880,173,1291,688,37,27,35,27,28,55,15,13,15,75,31,23,12,33,5,4,1,1,3,2,1,1,2,11,4,1,2,3,34],"bins":[-0.008192123845219612,-0.00791619997471571,-0.007640275172889233,-0.007364350836724043,-0.007088426500558853,-0.006812502630054951,-0.006536578293889761,-0.006260653957724571,-0.0059847296215593815,-0.005708805285394192,-0.005432880949229002,-0.005156956613063812,-0.00488103274255991,-0.00460510840639472,-0.00432918407022953,-0.004053259734064341,-0.003777335397899151,-0.003501411061733961,-0.0032254867255687714,-0.0029495626222342253,-0.0026736382860690355,-0.002397713949903846,-0.0021217898465692997,-0.00184586551040411,-0.0015699411742389202,-0.0012940168380737305,-0.0010180926183238626,-0.0007421683403663337,-0.0004662440624088049,-0.00019031978445127606,8.560449350625277e-05,0.0003615287714637816,0.0006374521180987358,0.0009133763960562646,0.0011893006740137935,0.0014652248937636614,0.0017411492299288511,0.002017073566094041,0.002292997669428587,0.0025689220055937767,0.0028448463417589664,0.003120770677924156,0.003396695014089346,0.003672619117423892,0.003948543220758438,0.004224467556923628,0.004500391893088818,0.004776316229254007,0.005052240565419197,0.005328164901584387,0.005604089237749577,0.005880013573914766,0.006155937910079956,0.0064318617805838585,0.006707786116749048,0.006983710452914238,0.007259634789079428,0.0075355591252446175,0.007811483461409807,0.008087407797574997,0.0083633316680789,0.008639256469905376,0.008915180340409279,0.009191105142235756,0.009467029012739658],"_type":"histogram"},"_timestamp":1.7302498578961585e+09,"parameters/network.6.weight":{"values":[2,0,0,1,0,0,0,0,0,0,0,0,0,0,0,0,1,0,1,2,1,2,1,3,0,1,6,1,2,1,3,3,3,5,7,6,13,15,16,16,17,17,22,21,39,33,39,38,44,38,40,35,20,20,19,19,20,20,12,9,3,0,0,3],"bins":[-1.0621016025543213,-1.0403642654418945,-1.0186268091201782,-0.9968894720077515,-0.9751521348953247,-0.9534147381782532,-0.9316774010658264,-0.9099400043487549,-0.8882026672363281,-0.8664652705192566,-0.8447278738021851,-0.8229905366897583,-0.8012531399726868,-0.77951580286026,-0.7577784061431885,-0.7360410690307617,-0.7143036723136902,-0.6925662755966187,-0.6708289384841919,-0.6490915417671204,-0.6273542046546936,-0.6056168079376221,-0.5838794708251953,-0.5621420741081238,-0.5404046773910522,-0.5186673402786255,-0.49692997336387634,-0.4751926064491272,-0.45345520973205566,-0.4317178428173065,-0.4099804759025574,-0.3882431089878082,-0.36650577187538147,-0.3447684049606323,-0.3230310380458832,-0.30129367113113403,-0.2795562744140625,-0.25781890749931335,-0.2360815405845642,-0.21434417366981506,-0.19260680675506592,-0.17086943984031677,-0.14913207292556763,-0.1273946911096573,-0.10565732419490814,-0.083919957280159,-0.062182582914829254,-0.04044521227478981,-0.018707841634750366,0.0030295290052890778,0.02476689964532852,0.046504270285367966,0.06824164092540741,0.08997900784015656,0.1117163822054863,0.13345375657081604,0.15519112348556519,0.17692849040031433,0.19866585731506348,0.22040323913097382,0.24214060604572296,0.2638779878616333,0.28561535477638245,0.3073527216911316,0.32909008860588074],"_type":"histogram"},"Validation Recall":0.9477,"_wandb":{"runtime":184},"parameters/network.0.weight":{"bins":[-6.255497455596924,-6.112641334533691,-5.969785213470459,-5.826928615570068,-5.684072494506836,-5.5412163734436035,-5.398360252380371,-5.255504131317139,-5.112648010253906,-4.969791412353516,-4.826935291290283,-4.684079170227051,-4.541223049163818,-4.398366928100586,-4.255510330200195,-4.112654209136963,-3.9697980880737305,-3.826941967010498,-3.6840856075286865,-3.541229486465454,-3.3983731269836426,-3.25551700592041,-3.1126608848571777,-2.969804525375366,-2.826948404312134,-2.6840922832489014,-2.54123592376709,-2.3983798027038574,-2.255523681640625,-2.1126673221588135,-1.969811201095581,-1.826954960823059,-1.684098243713379,-1.541242003440857,-1.398385763168335,-1.2555296421051025,-1.1126734018325806,-0.9698171615600586,-0.8269609808921814,-0.6841048002243042,-0.5412485599517822,-0.39839234948158264,-0.25553613901138306,-0.11267992854118347,0.030176281929016113,0.1730324923992157,0.3158887028694153,0.45874491333961487,0.6016011238098145,0.7444573640823364,0.8873135447502136,1.0301697254180908,1.1730259656906128,1.3158822059631348,1.4587383270263672,1.6015945672988892,1.7444508075714111,1.887307047843933,2.030163288116455,2.1730194091796875,2.31587553024292,2.4587318897247314,2.601588010787964,2.7444443702697754,2.887300491333008],"_type":"histogram","values":[1,1,0,0,0,5,2,3,1,2,7,2,6,12,9,7,8,11,15,15,18,24,39,43,38,57,73,75,106,137,154,192,271,343,462,601,705,989,1253,1613,2273,3107,5275,18890,28551,12407,12019,5576,1643,1144,747,477,328,209,146,113,57,38,23,11,4,6,3,5]},"_step":9409,"Predictions":{"count":10,