{"_runtime":178.991395197,"_wandb":{"runtime":178},"parameters/network.3.bias":{"_type":"histogram","values":[1,0,0,0,0,0,0,0,0,0,0,2,1,0,1,2,3,2,0,2,4,1,1,0,3,1,3,2,1,3,2,1,0,0,2,1,0,0,3,0,0,0,1,1,2,1,0,1,2,3,1,0,1,0,5,3,0,0,0,0,0,0,0,1],"bins":[-4.29946756362915,-4.200218677520752,-4.1009697914123535,-4.001720428466797,-3.9024717807769775,-3.80322265625,-3.7039737701416016,-3.604724884033203,-3.5054757595062256,-3.406226873397827,-3.3069779872894287,-3.207728862762451,-3.1084799766540527,-3.0092310905456543,-2.9099819660186768,-2.8107330799102783,-2.711483955383301,-2.6122350692749023,-2.512986183166504,-2.4137370586395264,-2.314488172531128,-2.2152392864227295,-2.115990161895752,-2.0167412757873535,-1.917492389678955,-1.818243384361267,-1.718994379043579,-1.6197453737258911,-1.5204964876174927,-1.4212474822998047,-1.3219984769821167,-1.2227495908737183,-1.1235005855560303,-1.0242515802383423,-0.9250026345252991,-0.8257536888122559,-0.7265046834945679,-0.6272557377815247,-0.5280067920684814,-0.42875781655311584,-0.32950884103775024,-0.23025986552238464,-0.13101090490818024,-0.03176193684339523,0.06748703122138977,0.16673600673675537,0.2659849524497986,0.3652339279651642,0.4644829034805298,0.563731849193573,0.662980854511261,0.7622298002243042,0.8614788055419922,0.9607277512550354,1.0599766969680786,1.1592257022857666,1.258474588394165,1.357723593711853,1.456972599029541,1.556221604347229,1.6554704904556274,1.7547194957733154,1.8539685010910034,1.9532173871994019,2.05246639251709]},"gradients/network.6.bias":{"bins":[-0.01742045395076275,-0.016792049631476402,-0.016163645312190056,-0.01553524099290371,-0.014906836673617363,-0.014278432354331017,-0.01365002803504467,-0.013021623715758324,-0.012393219396471977,-0.01176481507718563,-0.011136410757899284,-0.010508006438612938,-0.009879602119326591,-0.009251197800040245,-0.008622793480753899,-0.007994389161467552,-0.007365984842181206,-0.006737580522894859,-0.006109176203608513,-0.0054807718843221664,-0.00485236756503582,-0.004223963245749474,-0.003595558926463127,-0.0029671546071767807,-0.0023387502878904343,-0.0017103459686040878,-0.0010819416493177414,-0.00045353733003139496,0.00017486698925495148,0.0008032713085412979,0.0014316756278276443,0.002060079947113991,0.0026884861290454865,0.003316890448331833,0.003945294767618179,0.004573699086904526,0.005202103406190872,0.005830507725477219,0.006458912044763565,0.0070873163640499115,0.007715720683336258,0.008344125002622604,0.00897252932190895,0.009600933641195297,0.010229337960481644,0.01085774227976799,0.011486146599054337,0.012114550918340683,0.01274295523762703,0.013371359556913376,0.013999763876199722,0.014628168195486069,0.015256572514772415,0.01588497683405876,0.016513381153345108,0.017141785472631454,0.0177701897919178,0.018398594111204147,0.019026998430490494,0.01965540274977684,0.020283807069063187,0.020912211388349533,0.02154061570763588,0.022169020026922226,0.022797424346208572],"_type":"histogram","values":[1,0,1,0,0,0,0,0,0,0,0,0,0,0,0,0,0,0,0,0,0,0,0,0,1,0,1,1,0,1,1,1,0,0,0,0,0,0,0,1,0,0,0,0,0,0,0,0,0,0,0,0,0,0,0,0,0,0,0,0,0,0,0,1]},"parameters/network.0.weight":{"values":[1,0,0,2,4,5,3,2,5,11,9,20,17,25,16,27,33,33,50,39,53,97,85,105,122,179,222,285,369,495,650,786,1074,1366,1804,2458,3650,9363,27519,18700,12111,8868,4533,2187,1096,662,426,276,198,127,78,46,18,14,1,10,4,2,5,2,1,0,2,1],"bins":[-5.374780178070068,-5.235034465789795,-5.09528923034668,-4.955543518066406,-4.815798282623291,-4.676052570343018,-4.536307334899902,-4.396561622619629,-4.2568159103393555,-4.11707067489624,-3.977325201034546,-3.8375797271728516,-3.697834014892578,-3.558088541030884,-3.4183430671691895,-3.278597593307495,-3.138852119445801,-2.9991066455841064,-2.859361171722412,-2.7196156978607178,-2.5798702239990234,-2.44012451171875,-2.3003790378570557,-2.1606335639953613,-2.020888090133667,-1.8811426162719727,-1.7413971424102783,-1.6016515493392944,-1.4619060754776,-1.3221606016159058,-1.1824150085449219,-1.0426695346832275,-0.9029238224029541,-0.7631783485412598,-0.6234328150749207,-0.48368731141090393,-0.3439418077468872,-0.20419630408287048,-0.06445080041885376,0.07529470324516296,0.2150402069091797,0.3547857105731964,0.49453121423721313,0.6342767477035522,0.7740222215652466,0.9137676954269409,1.0535132884979248,1.1932587623596191,1.3330042362213135,1.4727497100830078,1.6124951839447021,1.752240777015686,1.8919862508773804,2.0317318439483643,2.1714773178100586,2.311222791671753,2.4509682655334473,2.5907137393951416,2.730459213256836,2.8702046871185303,3.0099501609802246,3.149695873260498,3.2894413471221924,3.4291868209838867,3.568932294845581],"_type":"histogram"},"_timestamp":1.730245448100467e+09,"Learning Rate":0.01,"epoch":10,"gradients/network.0.bias":{"bins":[-0.0042731924913823605,-0.004149346612393856,-0.004025501199066639,-0.0039016553200781345,-0.0037778096739202738,-0.003653964027762413,-0.0035301181487739086,-0.003406272502616048,-0.003282426856458187,-0.0031585812103003263,-0.0030347355641424656,-0.002910889685153961,-0.0027870440389961004,-0.0026631983928382397,-0.0025393525138497353,-0.0024155068676918745,-0.0022916612215340137,-0.002167815575376153,-0.0020439699292182922,-0.0019201240502297878,-0.001796278404071927,-0.0016724327579140663,-0.0015485869953408837,-0.0014247412327677011,-0.0013008955866098404,-0.0011770499404519796,-0.001053204177878797,-0.0009293584735132754,-0.0008055127691477537,-0.000681667064782232,-0.0005578213604167104,-0.0004339756560511887,-0.0003101297188550234,-0.00018628401448950171,-6.243831012398005e-05,6.140739424154162e-05,0.0001852530986070633,0.00030909880297258496,0.00043294450733810663,0.0005567902117036283,0.00068063591606915,0.0008044816204346716,0.0009283273248001933,0.001052173087373376,0.0011760187335312366,0.0012998643796890974,0.00142371014226228,0.0015475559048354626,0.0016714015509933233,0.001795247197151184,0.0019190929597243667,0.0020429387222975492,0.00216678436845541,0.0022906300146132708,0.0024144756607711315,0.002538321539759636,0.0026621671859174967,0.0027860128320753574,0.002909858711063862,0.0030337043572217226,0.0031575500033795834,0.003281395649537444,0.003405241295695305,0.0035290871746838093,0.00365293282084167],"_type":"histogram","values":[1,0,0,0,0,0,0,0,1,0,0,0,0,0,0,0,1,0,0,0,0,0,0,1,0,0,1,1,0,1,2,2,2,2,100,3,2,1,0,0,1,1,3,0,0,0,0,0,0,0,0,0,0,0,1,0,0,0,0,0,0,0,0,1]},"parameters/network.6.weight":{"values":[2,0,0,0,0,0,0,0,0,0,0,1,1,1,1,0,0,0,1,3,4,2,0,2,1,4,6,7,6,10,5,14,15,10,18,30,23,28,24,35,37,50,47,37,38,37,17,26,27,25,25,6,7,1,2,1,0,1,1,0,0,0,0,1],"bins":[-1.1101269721984863,-1.0839402675628662,-1.057753562927246,-1.031566858291626,-1.0053801536560059,-0.9791935086250305,-0.9530068635940552,-0.9268201589584351,-0.9006334543228149,-0.8744467496871948,-0.8482600450515747,-0.8220734000205994,-0.7958866953849792,-0.7696999907493591,-0.7435133457183838,-0.7173266410827637,-0.6911399364471436,-0.6649532318115234,-0.6387665271759033,-0.612579882144928,-0.5863931775093079,-0.5602064728736877,-0.5340198278427124,-0.5078331232070923,-0.48164641857147217,-0.45545971393585205,-0.4292730391025543,-0.4030863642692566,-0.3768996596336365,-0.35071295499801636,-0.32452628016471863,-0.2983396053314209,-0.27215296030044556,-0.24596627056598663,-0.2197795808315277,-0.1935928910970688,-0.16740620136260986,-0.14121951162815094,-0.11503282189369202,-0.0888461321592331,-0.06265944242477417,-0.03647275269031525,-0.010286062955856323,0.0159006267786026,0.04208731651306152,0.06827400624752045,0.09446069598197937,0.1206473857164383,0.14683407545089722,0.17302076518535614,0.19920745491981506,0.225394144654274,0.2515808343887329,0.277767539024353,0.30395421385765076,0.3301408886909485,0.3563275933265686,0.3825142979621887,0.40870097279548645,0.4348876476287842,0.4610743522644043,0.4872610569000244,0.5134477615356445,0.5396344065666199,0.56582111120224],"_type":"histogram"},